{
	"BASE_URL": "",
	"EMAIL": "",
	"PASSWORD": "",
	"id": "33c615d0-62c9-4696-8c5e-5430a1522658",
	"title": "Tamplate Title",
	"keywords": [],
	"type": "BLANK_SHEET",
	"status": "DRAFT",
	"author": "Anonymous",
	"created_at": "2022-08-01T18:26:21.946Z",
	"skeletons": [
		{
			"id": "edf38666-575a-4575-8b38-93827b94cdea",
			"pathname": "skeleton_49af90b5-2521-434c-a3a1-86a7d2597f4e_.xml",
			"lang": "xml"
		}
	],
	"libraries": [],
	"libraries_contents": {},
	"skeletons_contents": {
		"edf38666-575a-4575-8b38-93827b94cdea": "<?xml version=\"1.0\" encoding=\"UTF-8\"?>\r\n<event>\r\n\t<data>\r\n\t\t<organization name=\"Club deportivo Carlos III\" email=\"clubdeportivo@cifpcarlos3.es\"/>\r\n\t\t<title>Trail+MB Carlos III</title>\r\n\t\t<location city=\"Cartagena\" county=\"Murcia\" />\r\n\t\t<timing date=\"2019-06-05\" duration=\"8\" />\r\n\t</data>\r\n\t<modalities>\r\n\t\t<modality id=\"TRL14\" name=\"Short Trail 14Km\" distance=\"14.1\" start=\"10:00:00\">\r\n\t\t\tHiking test aimed at all audiences.\r\n\t\t</modality>\r\n\t\t<modality id=\"TRL31\" name=\"Long Trail 31Km\" distance=\"30.9\" start=\"09:00:00\" elevation=\"1050\">\r\n\t\t\t<provisioning>\r\n\t\t\t\t<provpoint id=\"TRL31A1\" kmpoint=\"7.3\"/>\r\n\t\t\t\t<provpoint id=\"TRL31A2\" kmpoint=\"14.6\"/>\r\n\t\t\t\t<provpoint id=\"TRL31A3\" kmpoint=\"26.9\"/>\r\n\t\t\t</provisioning>\r\n\t\t\tTrail not suitable for untrained people.\r\n\t\t</modality>\r\n\t\t<modality id=\"MBK41\" name=\"Mountain Bike 41Km\" distance=\"41.1\" start=\"09:30:00\" elevation=\"1125\">\r\n\t\t\t<provisioning>\r\n\t\t\t\t<provpoint id=\"BXM41A1\" kmpoint=\"16.1\"/>\r\n\t\t\t\t<provpoint id=\"BXM41A2\" kmpoint=\"30.7\"/>\r\n\t\t\t</provisioning>\r\n\t\t\tMedium difficulty mountain bike race.\r\n\t\t</modality>\r\n\t</modalities>\r\n</event>"
	}
}